section,symbol_type,symbol,size_bytes,vma,runtime_region,lma,load_region
.highcode,FUNC,SYS_GetClockValue,28,0x20000090,?,0x00000094,?
.highcode,FUNC,SYS_SetPendingIRQ,14,0x200000AC,?,0x000000B0,?
.data,OBJECT,curbrk.0,4,0x20001180,?,0x0001659C,?
.bss,OBJECT,g_dataTxTask,20,0x20001460,?,-,-
.data,OBJECT,holdrand.0,4,0x20001190,?,0x000165AC,?
.highcode,FUNC,clockGetHSEValue,48,0x20000750,?,0x00000754,?
.text,FUNC,clockGetTickValve,128,0x00003074,?,0x00003074,?
.data,OBJECT,CSWTCH.143,7,0x20001228,?,0x00016644,?
.bss,OBJECT,gPaControl,4,0x2000134C,?,-,-
.bss,OBJECT,rfStatusCBs,4,0x20001344,?,-,-
.bss,OBJECT,gRfTaskId,1,0x20001348,?,-,-
.text,FUNC,simpleProfile_ReadAttrCB,114,0x00001014,?,0x00001014,?
.text,FUNC,simpleProfile_WriteAttrCB,194,0x00001086,?,0x00001086,?
.bss,OBJECT,simpleProfile_AppCBs,4,0x20001250,?,-,-
.text,FUNC,simpleProfile_HandleConnStatusCB,62,0x00001148,?,0x00001148,?
.bss,OBJECT,simpleProfileChar4Config,4,0x20001240,?,-,-
.data,OBJECT,simpleProfileAttrTbl,272,0x20000F3C,?,0x00016358,?
.bss,OBJECT,simpleProfileChar1,1,0x2000124C,?,-,-
.bss,OBJECT,simpleProfileChar2,1,0x20001248,?,-,-
.bss,OBJECT,simpleProfileChar3,1,0x20001244,?,-,-
.bss,OBJECT,simpleProfileChar4,16,0x200013E8,?,-,-
.bss,OBJECT,simpleProfileChar5,5,0x20001238,?,-,-
.data,OBJECT,simpleProfileService,8,0x200011D8,?,0x000165F4,?
.data,OBJECT,simpleProfileChar1Props,1,0x2000117C,?,0x00016598,?
.data,OBJECT,simpleProfileChar1UserDesp,18,0x20001098,?,0x000164B4,?
.data,OBJECT,simpleProfileChar2Props,1,0x2000117B,?,0x00016597,?
.data,OBJECT,simpleProfileChar2UserDesp,18,0x20001084,?,0x000164A0,?
.data,OBJECT,simpleProfileChar3Props,1,0x2000117A,?,0x00016596,?
.data,OBJECT,simpleProfileChar3UserDesp,18,0x20001070,?,0x0001648C,?
.data,OBJECT,simpleProfileChar4Props,1,0x20001179,?,0x00016595,?
.data,OBJECT,simpleProfileChar4UserDesp,13,0x20001060,?,0x0001647C,?
.data,OBJECT,simpleProfileChar5Props,1,0x20001178,?,0x00016594,?
.data,OBJECT,simpleProfileChar5UserDesp,18,0x2000104C,?,0x00016468,?
.text,FUNC,CH572_SCL_Change,32,0x00001C02,?,0x00001C02,?
.text,FUNC,CH572_SDA_Change,32,0x00001C22,?,0x00001C22,?
.text,FUNC,CH572_SDA_Read,14,0x00001C42,?,0x00001C42,?
.text,FUNC,CH572_I2C_Delay,18,0x00001C50,?,0x00001C50,?
.text,FUNC,MPU6050_OnBusy,2,0x00001C62,?,0x00001C62,?
.text,FUNC,I2C_Process.constprop.0,444,0x00001C64,?,0x00001C64,?
.bss,OBJECT,g_i2cOP,12,0x20001438,?,-,-
.text,FUNC,MPU6050_I2C_Write,40,0x00001E20,?,0x00001E20,?
.text,FUNC,MPU6050_I2C_Read,44,0x00001E48,?,0x00001E48,?
.text,FUNC,I2CDefaultFinishCallBack,10,0x00001E76,?,0x00001E76,?
.bss,OBJECT,s_dataTxTask,4,0x2000126C,?,-,-
.text,FUNC,peripheralRssiCB,18,0x0000214A,?,0x0000214A,?
.data,OBJECT,Peripheral_TaskID,1,0x2000118F,?,0x000165AB,?
.data,OBJECT,Peripheral_PeripheralCBs,12,0x200010D4,?,0x000164F0,?
.bss,OBJECT,Peripheral_BondMgrCBs,12,0x20001454,?,-,-
.bss,OBJECT,peripheralConnList,8,0x20001278,?,-,-
.text,FUNC,simpleProfileChangeCB,36,0x0000229C,?,0x0000229C,?
.text,FUNC,peripheralParamUpdateCB,48,0x000022C0,?,0x000022C0,?
.text,FUNC,Peripheral_LinkTerminated,80,0x000022F0,?,0x000022F0,?
.text,FUNC,peripheralStateNotificationCB,338,0x00002340,?,0x00002340,?
.data,OBJECT,scanRspData,28,0x200010F8,?,0x00016514,?
.data,OBJECT,advertData,7,0x20001188,?,0x000165A4,?
.data,OBJECT,attDeviceName,21,0x200010E0,?,0x000164FC,?
.data,OBJECT,Peripheral_SimpleProfileCBs,4,0x20001184,?,0x000165A0,?
.bss,OBJECT,Broadcaster_BroadcasterCBs,8,0x20001270,?,-,-
.text,FUNC,disconnectNext,32,0x00003FB2,?,0x00003FB2,?
.bss,OBJECT,terminateReason,1,0x200012D5,?,-,-
.bss,OBJECT,terminateAllTaskID,1,0x200012D4,?,-,-
.bss,OBJECT,pfnPeripheralCBs,4,0x200012D0,?,-,-
.bss,OBJECT,pfnPeripheralConnCBs,4,0x200012CC,?,-,-
.bss,OBJECT,slaveUpdateReq,8,0x200012BC,?,-,-
.bss,OBJECT,gapCurrentRandomAddr,6,0x200012C4,?,-,-
.text,FUNC,gapSetAdvParams,160,0x000052B4,?,0x000052B4,?
.text,FUNC,gapFreeAdvertState,30,0x00005354,?,0x00005354,?
.text,FUNC,gapPeriProcessConnEvt,170,0x00005372,?,0x00005372,?
.text,FUNC,gapWriteAdvDataStatus,132,0x0000541C,?,0x0000541C,?
.bss,OBJECT,gapAdvAppTaskID,1,0x200012E5,?,-,-
.bss,OBJECT,gapAdvTaskID,1,0x200012E4,?,-,-
.text,FUNC,gapProcessAdvertisingEvt,174,0x00005588,?,0x00005588,?
.bss,OBJECT,pGapAdData,4,0x200012E0,?,-,-
.bss,OBJECT,pGapScanRspData,4,0x200012DC,?,-,-
.bss,OBJECT,gapPeripheralConnCBs,4,0x200012D8,?,-,-
.bss,OBJECT,gapPeripheralCBs,12,0x20002310,?,-,-
.text,FUNC,gapPeriProcessHCICmdCompleteEvt,324,0x000058B8,?,0x000058B8,?
.text,FUNC,gattProcessExchangeMTUReq,4,0x00005F10,?,0x00005F10,?
.text,FUNC,gattServApp_FindCharCfgItem,34,0x00005F14,?,0x00005F14,?
.text,FUNC,gattServerHandleTimerCB,48,0x00005F36,?,0x00005F36,?
.text,FUNC,GATTServApp_InitCharCfg.part.0,26,0x00005F66,?,0x00005F66,?
.text,FUNC,gattProcessExecuteWriteReq,4,0x00005F80,?,0x00005F80,?
.data,OBJECT,serviceChangedCharProps,1,0x20001199,?,0x000165B5,?
.data,OBJECT,reqTaskId,1,0x20001198,?,0x000165B4,?
.data,OBJECT,appTaskID,1,0x20001197,?,0x000165B3,?
.data,OBJECT,GATTServApp_TaskID,1,0x20001196,?,0x000165B2,?
.data,OBJECT,nextHandle,2,0x20001194,?,0x000165B0,?
.bss,OBJECT,attrLen,2,0x200012F4,?,-,-
.bss,OBJECT,pAttrValue,4,0x200012F0,?,-,-
.bss,OBJECT,serviceCBsList,4,0x20001308,?,-,-
.bss,OBJECT,pServiceList,4,0x20001304,?,-,-
.data,OBJECT,gattService,8,0x2000119C,?,0x000165B8,?
.bss,OBJECT,gattAddService,1,0x2000130C,?,-,-
.bss,OBJECT,gattAttrTbl,64,0x2000231C,?,-,-
.bss,OBJECT,indCharCfg,4,0x200012F8,?,-,-
.bss,OBJECT,gattServiceCBs,12,0x2000235C,?,-,-
.bss,OBJECT,prepareWritesTbl,4,0x20001300,?,-,-
.bss,OBJECT,serverInfoTbl,4,0x200012FC,?,-,-
.text,FUNC,gattServerNotifyTxCB,38,0x000065C6,?,0x000065C6,?
.text,FUNC,gattProcessReadByGrpTypeReq,76,0x00006AAE,?,0x00006AAE,?
.text,FUNC,gattProcessReadByTypeReq,46,0x00006AFA,?,0x00006AFA,?
.text,FUNC,gattProcessFindByTypeValueReq,46,0x00006B28,?,0x00006B28,?
.text,FUNC,gattProcessFindInfoReq,366,0x00006B56,?,0x00006B56,?
.text,FUNC,gattProcessWriteReq,52,0x00006DAE,?,0x00006DAE,?
.text,FUNC,gattProcessPrepareWriteReq,52,0x00006E4E,?,0x00006E4E,?
.bss,OBJECT,rsp,24,0x20002368,?,-,-
.text,FUNC,gattProcessReadMultiReq,154,0x0000751A,?,0x0000751A,?
.text,FUNC,gattProcessReadReq,48,0x000075B4,?,0x000075B4,?
.text,FUNC,l2capSendFCPkt.part.0,98,0x00008662,?,0x00008662,?
.text,FUNC,l2capBuildParamUpdateReq,44,0x00008864,?,0x00008864,?
.text,FUNC,reportStatusChange,62,0x000088F8,?,0x000088F8,?
.text,FUNC,smStartRspTimer,52,0x00008E32,?,0x00008E32,?
.text,FUNC,smpBuildPairingReqRsp,142,0x000099BE,?,0x000099BE,?
.bss,OBJECT,pfnAdvertiseEventCBs,4,0x2000132C,?,-,-
.text,FUNC,ll_adv_legacy_rsp_tx_process,146,0x0000B504,?,0x0000B504,?
.text,FUNC,llEncRsp,4,0x0000C4C2,?,0x0000C4C2,?
.text,FUNC,llRejectInd,110,0x0000C4C6,?,0x0000C4C6,?
.text,FUNC,llRejectIndExt,110,0x0000C534,?,0x0000C534,?
.text,FUNC,LL_RxLenUpdate,124,0x0000C5A2,?,0x0000C5A2,?
.text,FUNC,llConnectionUpdateInd,154,0x0000C61E,?,0x0000C61E,?
.text,FUNC,llTerminateInd,28,0x0000C6B8,?,0x0000C6B8,?
.text,FUNC,llStartEncRsp,58,0x0000C6D4,?,0x0000C6D4,?
.text,FUNC,llUnknowRsp,122,0x0000C70E,?,0x0000C70E,?
.text,FUNC,llPauseEncReq,30,0x0000C788,?,0x0000C788,?
.text,FUNC,llPauseEncRsp,58,0x0000C7A6,?,0x0000C7A6,?
.text,FUNC,llVersionInd,132,0x0000C7E0,?,0x0000C7E0,?
.text,FUNC,llPHYReq,90,0x0000C864,?,0x0000C864,?
.text,FUNC,llPHYUpdateIND,108,0x0000C8BE,?,0x0000C8BE,?
.text,FUNC,llConnectionParamReq,296,0x0000C92A,?,0x0000C92A,?
.text,FUNC,llFeatureReq,102,0x0000CA52,?,0x0000CA52,?
.text,FUNC,llChannelMapReq,98,0x0000CAB8,?,0x0000CAB8,?
.text,FUNC,llLengthRsp,86,0x0000CB1A,?,0x0000CB1A,?
.text,FUNC,llLengthReq,76,0x0000CB70,?,0x0000CB70,?
.text,FUNC,llEncReq,304,0x0000CBBC,?,0x0000CBBC,?
.text,FUNC,llPingRsp,4,0x0000CCEC,?,0x0000CCEC,?
.text,FUNC,llPHYRsp,4,0x0000CCF0,?,0x0000CCF0,?
.text,FUNC,llStartEncReq,4,0x0000CCF4,?,0x0000CCF4,?
.text,FUNC,llFeatureRsp,4,0x0000CCF8,?,0x0000CCF8,?
.text,FUNC,llSlaveFeatureReq,4,0x0000CCFC,?,0x0000CCFC,?
.text,FUNC,llConnectionParamRsp,4,0x0000CD00,?,0x0000CD00,?
.text,FUNC,llPingReq,4,0x0000CD04,?,0x0000CD04,?
.text,FUNC,llAdvertisingReportReport,4,0x0000D1B2,?,0x0000D1B2,?
.text,FUNC,llRemoteConnectionParamRequestReport,44,0x0000D1B6,?,0x0000D1B6,?
.text,FUNC,llDirectedAdvertisingConnectionCompleteReport,80,0x0000D1E2,?,0x0000D1E2,?
.text,FUNC,llConnectCompleteReport,110,0x0000D232,?,0x0000D232,?
.text,FUNC,llPHYUpdateCompleteReport,62,0x0000D2A0,?,0x0000D2A0,?
.text,FUNC,llDataLengthChangeReport,56,0x0000D2DE,?,0x0000D2DE,?
.text,FUNC,llRemoteConnectParamRequestReport,70,0x0000D316,?,0x0000D316,?
.text,FUNC,llLTKRequestedReport,36,0x0000D35C,?,0x0000D35C,?
.text,FUNC,llReadRemoteFeatureCompleteReport,46,0x0000D380,?,0x0000D380,?
.text,FUNC,llConnectUpdateCompleteReport,60,0x0000D3AE,?,0x0000D3AE,?
.text,FUNC,llDirectAdvertisingReportReport,4,0x0000D3EA,?,0x0000D3EA,?
.text,FUNC,llCancelConnectionCompleteReport,4,0x0000D3EE,?,0x0000D3EE,?
.text,FUNC,llReadLocalP256PublicKeyCompleteReport,4,0x0000D3F2,?,0x0000D3F2,?
.text,FUNC,llGenerateDHKEYCompleteReport,4,0x0000D3F6,?,0x0000D3F6,?
.text,FUNC,llEnhancedConnectCompleteReport,4,0x0000D3FA,?,0x0000D3FA,?
.text,FUNC,llDataPackageReport,114,0x0000D57E,?,0x0000D57E,?
.text,FUNC,ll_slave_tx_process,232,0x0000D5F0,?,0x0000D5F0,?
.text,FUNC,ll_slave_listern,1864,0x0000D6D8,?,0x0000D6D8,?
.text,FUNC,llSlaveSetFirstTimer,278,0x0000DEE2,?,0x0000DEE2,?
.bss,OBJECT,nCO2401,1,0x20001365,?,-,-
.bss,OBJECT,nGA2401,1,0x20001364,?,-,-
.bss,OBJECT,nCO2440,1,0x20001363,?,-,-
.bss,OBJECT,nGA2440,1,0x20001362,?,-,-
.bss,OBJECT,nCO2480,1,0x20001361,?,-,-
.bss,OBJECT,nGA2480,1,0x20001360,?,-,-
.bss,OBJECT,ftuneFlag,2,0x2000135E,?,-,-
.bss,OBJECT,fragment.0,1,0x2000136C,?,-,-
.text,FUNC,gapBondMgrInvertCharCfgItem,34,0x0000FEFA,?,0x0000FEFA,?
.text,FUNC,mainRecordNvID_Erase,60,0x0000FF1C,?,0x0000FF1C,?
.text,FUNC,gapBondMgrBondTotal,90,0x0000FF58,?,0x0000FF58,?
.bss,OBJECT,gapBondMax,1,0x2000137D,?,-,-
.bss,OBJECT,bonds,4,0x20001380,?,-,-
.text,FUNC,gapBondMgrFindEmpty,78,0x0000FFB2,?,0x0000FFB2,?
.text,FUNC,gapBondFreeAuthEvt,42,0x00010000,?,0x00010000,?
.bss,OBJECT,pAuthEvt,4,0x20001378,?,-,-
.bss,OBJECT,bondIdx,1,0x2000137C,?,-,-
.text,FUNC,gapBondMgrEraseBonding,294,0x0001002A,?,0x0001002A,?
.bss,OBJECT,gapBondMgr_TaskID,1,0x20001395,?,-,-
.text,FUNC,gapBondMgr_SyncWhiteList,88,0x00010150,?,0x00010150,?
.text,FUNC,gapBondSetupPrivFlag,38,0x000101A8,?,0x000101A8,?
.text,FUNC,gapBondMgrReadBonds,150,0x000101CE,?,0x000101CE,?
.bss,OBJECT,autoSyncWhiteList,1,0x2000137F,?,-,-
.text,FUNC,gapBondMgrSendServiceChange,10,0x00010264,?,0x00010264,?
.text,FUNC,gapBondMgrFindAddr,88,0x0001026E,?,0x0001026E,?
.text,FUNC,gapBondMgrAddBond,592,0x000102C6,?,0x000102C6,?
.text,FUNC,gapBondPairStateCB,50,0x00010516,?,0x00010516,?
.bss,OBJECT,pGapPeriBondCB,4,0x20001384,?,-,-
.text,FUNC,gapBondMgrChangeState.constprop.0,106,0x00010548,?,0x00010548,?
.text,FUNC,gapBondMgrEraseAllBondings.isra.0,48,0x000105B2,?,0x000105B2,?
.text,FUNC,gapBondMgrGetPublicAddr.isra.0,66,0x000105E2,?,0x000105E2,?
.text,FUNC,gapBondMgrUpdateCharCfg,236,0x00010624,?,0x00010624,?
.bss,OBJECT,gattCCFlag,1,0x20001388,?,-,-
.bss,OBJECT,gapBond_Peri_OOBData,16,0x20002454,?,-,-
.bss,OBJECT,gapBond_Peri_PairingMode,1,0x20001394,?,-,-
.bss,OBJECT,gapBond_Peri_IOCap,1,0x20001393,?,-,-
.bss,OBJECT,gapBond_Peri_OOBDataFlag,1,0x20001392,?,-,-
.bss,OBJECT,gapBond_Peri_AuthReq,1,0x20001391,?,-,-
.bss,OBJECT,gapBond_Peri_KeyDistList,1,0x20001390,?,-,-
.bss,OBJECT,gapBond_Peri_Passcode,4,0x2000138C,?,-,-
.bss,OBJECT,gapBond_AutoFail,1,0x20001389,?,-,-
.data,OBJECT,gapBond_AutoFailReason,1,0x200011A8,?,0x000165C4,?
.data,OBJECT,gapBond_KeySize,1,0x200011A7,?,0x000165C3,?
.bss,OBJECT,eraseAllBonds,1,0x2000137E,?,-,-
.bss,OBJECT,pAttr.1,4,0x20001370,?,-,-
.bss,OBJECT,service.0,2,0x2000136E,?,-,-
.text,FUNC,ggs_SetAttrWPermit,106,0x0001153E,?,0x0001153E,?
.text,FUNC,ggs_ReadAttrCB,264,0x000115A8,?,0x000115A8,?
.text,FUNC,ggs_WriteAttrCB,326,0x000116B0,?,0x000116B0,?
.bss,OBJECT,deviceNameLength,1,0x200013A2,?,-,-
.bss,OBJECT,ggs_AppCBs,4,0x200013A4,?,-,-
.bss,OBJECT,ggsAddService,1,0x20001396,?,-,-
.bss,OBJECT,periConnParameters,8,0x20001398,?,-,-
.bss,OBJECT,gapAttrTbl,144,0x20002464,?,-,-
.data,OBJECT,deviceNameCharProps,1,0x200011AD,?,0x000165C9,?
.data,OBJECT,gapService,8,0x20001230,?,0x0001664C,?
.data,OBJECT,appearanceCharProps,1,0x200011AC,?,0x000165C8,?
.data,OBJECT,periConnParamCharProps,1,0x200011AB,?,0x000165C7,?
.bss,OBJECT,appearance,2,0x200013A0,?,-,-
.data,OBJECT,centAddrResCharProps,1,0x200011AA,?,0x000165C6,?
.data,OBJECT,centAddrRes,1,0x200011A9,?,0x000165C5,?
.text,FUNC,sbrk_aligned,86,0x00013886,?,0x00013886,?
.text,FUNC,__sfputc_r,40,0x000139F6,?,0x000139F6,?
.text,FUNC,std,94,0x00014146,?,0x00014146,?
.text,FUNC,stdio_exit_handler,24,0x000141A4,?,0x000141A4,?
.text,FUNC,cleanup_stdio,80,0x000141BC,?,0x000141BC,?
.text,FUNC,global_stdio_init.part.0,66,0x0001420C,?,0x0001420C,?
.text,FUNC,GAP_Bond,88,0x00004990,?,0x00004990,?
.text,FUNC,LL_AddWhiteListDevice,84,0x0000F862,?,0x0000F862,?
.data,OBJECT,gapServiceCBs,12,0x20001114,?,0x00016530,?
.text,FUNC,gattServApp_IsWriteLong,244,0x00006240,?,0x00006240,?
.highcode,FUNC,ll_rx_wait_finish,30,0x20000860,?,0x00000864,?
.text,FUNC,_isatty_r,42,0x000144A4,?,0x000144A4,?
.text,FUNC,ATT_BuildReadRsp,4,0x00003B74,?,0x00003B74,?
.text,FUNC,gapGetDevAddress,36,0x000042EC,?,0x000042EC,?
.text,FUNC,tmos_get_periodic_task_time,36,0x00002A5A,?,0x00002A5A,?
.bss,OBJECT,gDtm_t,12,0x20002448,?,-,-
.text,FUNC,gattServApp_ProcessWriteReq,150,0x000068EC,?,0x000068EC,?
.text,FUNC,LL_ConnectionParamReq,158,0x0000CEC4,?,0x0000CEC4,?
.highcode,FUNC,BB_IRQLibFunction,6,0x2000085A,?,0x0000085E,?
.text,FUNC,gattServApp_ProcessExecuteWriteReq,268,0x000066D6,?,0x000066D6,?
.text,FUNC,_puts_r,152,0x000135EC,?,0x000135EC,?
.text,FUNC,GAPBondMgr_Init,26,0x000113A8,?,0x000113A8,?
.text,FUNC,GAP_ResolvePrivateAddr,4,0x00004A5A,?,0x00004A5A,?
.text,FUNC,_lseek_r,46,0x000144CE,?,0x000144CE,?
.highcode,FUNC,FLASH_ROM_OUT,14,0x20000C86,?,0x00000C8A,?
.highcode,FUNC,TMOS_SystemProcess,452,0x2000058C,?,0x00000590,?
.text,FUNC,l2capFreeChannel,76,0x00007F34,?,0x00007F34,?
.text,FUNC,GATTServApp_AddService,44,0x00007A6E,?,0x00007A6E,?
.text,FUNC,ll_connect_phy_update_dataLen,124,0x0000B92E,?,0x0000B92E,?
.text,FUNC,smSendSMMsg,90,0x00009034,?,0x00009034,?
.text,FUNC,ATT_ParseReadReq,22,0x00003D92,?,0x00003D92,?
.text,FUNC,smProcessPairingReq,44,0x000090C4,?,0x000090C4,?
.bss,OBJECT,lsiFrq,4,0x2000125C,?,-,-
.data,OBJECT,charUserDescUUID,2,0x20001210,?,0x0001662C,?
.text,FUNC,L2CAP_bm_alloc,38,0x0000807A,?,0x0000807A,?
.text,FUNC,smpParseIdentityAddrInfo,50,0x0000929E,?,0x0000929E,?
.text,FUNC,attSendRspMsg,68,0x00003AD6,?,0x00003AD6,?
.text,FUNC,smpBuildPairingRsp,10,0x00009A4C,?,0x00009A4C,?
.text,FUNC,LL_WhitelistAdd,168,0x0000E146,?,0x0000E146,?
.text,FUNC,smpParsePairingConfirm,44,0x00009308,?,0x00009308,?
.text,FUNC,ATT_HandleValueInd,48,0x00003F82,?,0x00003F82,?
.text,FUNC,dataTxTask_ProcessEvent,168,0x0000203A,?,0x0000203A,?
.text,FUNC,GATTServApp_InitCharCfg,38,0x00007AA0,?,0x00007AA0,?
.text,FUNC,printf,40,0x000135C4,?,0x000135C4,?
.text,FUNC,linkDB_State,46,0x00008BAA,?,0x00008BAA,?
.text,FUNC,linkDB_NumActive,42,0x00008AFC,?,0x00008AFC,?
.text,FUNC,smEndPairing,100,0x00008ED0,?,0x00008ED0,?
.text,FUNC,TMOS_ClockRegister,8,0x00002EA8,?,0x00002EA8,?
.bss,OBJECT,pGapAdvertState,4,0x200012B8,?,-,-
.bss,OBJECT,gapRole_AdvEnabled,1,0x200013CE,?,-,-
.bss,OBJECT,gapRole_AdvChanMap,1,0x200013C1,?,-,-
.text,FUNC,smDetermineKeySize,30,0x00009192,?,0x00009192,?
.text,FUNC,__sseek,48,0x00014400,?,0x00014400,?
.data,OBJECT,secondaryServiceUUID,2,0x20001218,?,0x00016634,?
.text,FUNC,__sinit,24,0x0001424E,?,0x0001424E,?
.text,FUNC,__swbuf_r,144,0x0001368E,?,0x0001368E,?
.highcode,FUNC,HardFault_Handler,134,0x2000033E,?,0x00000342,?
.text,FUNC,GATT_RegisterService,224,0x00007924,?,0x00007924,?
.text,FUNC,gapAddAddrAdj,42,0x00004252,?,0x00004252,?
.text,FUNC,ATT_FindByTypeValueRsp,64,0x00003CCC,?,0x00003CCC,?
.text,FUNC,gattResetServerInfo,26,0x0000637A,?,0x0000637A,?
.text,FUNC,linkDB_FindFirst,54,0x00008AB0,?,0x00008AB0,?
.text,FUNC,linkDB_GetSMEvtID,80,0x00008C90,?,0x00008C90,?
.text,FUNC,ATT_ParsePrepareWriteReq,48,0x00003ED6,?,0x00003ED6,?
.text,FUNC,__malloc_unlock,2,0x000139F4,?,0x000139F4,?
.text,FUNC,ble_ll_common_rand16,44,0x000031A6,?,0x000031A6,?
.text,FUNC,GAPBondMgr_PeriSecurityReq,20,0x00010EB0,?,0x00010EB0,?
.text,FUNC,LL_ProcessEvent,66,0x0000B04A,?,0x0000B04A,?
.text,FUNC,ll_connect_set_windowWidening,36,0x0000B764,?,0x0000B764,?
.text,FUNC,GAP_SetParamValue,40,0x00004E6A,?,0x00004E6A,?
.text,FUNC,HAL_ProcessEvent,158,0x000012E8,?,0x000012E8,?
.bss,OBJECT,gapRole_AdvEventType,1,0x200013CB,?,-,-
.text,FUNC,smpParsePairingFailed,26,0x00009334,?,0x00009334,?
.text,FUNC,ll_advertise_filter,104,0x0000B43C,?,0x0000B43C,?
.bss,OBJECT,gptrBBReg,4,0x2000133C,?,-,-
.text,FUNC,GAPRole_PeripheralInit,112,0x000121AE,?,0x000121AE,?
.text,FUNC,TMOS_ProcessEventRegister,42,0x00002F74,?,0x00002F74,?
.text,FUNC,gapRole_PeripheralProcessGAPMsg,440,0x00011A62,?,0x00011A62,?
.text,FUNC,smProcessEncryptChange,140,0x00008FA8,?,0x00008FA8,?
.text,FUNC,GAPRole_UpdatePHY,4,0x000121AA,?,0x000121AA,?
.text,FUNC,l2capProcessReq,90,0x000082BE,?,0x000082BE,?
.text,FUNC,gapFreeAuthLink,74,0x000042A2,?,0x000042A2,?
.text,FUNC,GATT_ServiceChangedInd,134,0x00005CF6,?,0x00005CF6,?
.text,FUNC,smSetPairingReqRsp,44,0x000090F0,?,0x000090F0,?
.text,FUNC,gattServerProcessMsgCB,388,0x00006442,?,0x00006442,?
.bss,OBJECT,gTuneFilter2M,1,0x2000135C,?,-,-
.highcode,FUNC,ll_wait_connect_event,14,0x20000780,?,0x00000784,?
.text,FUNC,gapGetIRK,10,0x0000431A,?,0x0000431A,?
.bss,OBJECT,gBleHostPara,8,0x20001324,?,-,-
.text,FUNC,API_LE_SetExtendedAdvertisingParametersCmd,82,0x0000F626,?,0x0000F626,?
.highcode,FUNC,NMI_Handler,2,0x200003C4,?,0x000003C8,?
.text,FUNC,GATT_bm_free,28,0x00005D7C,?,0x00005D7C,?
.data,OBJECT,gapServiceUUID,2,0x20001224,?,0x00016640,?
.text,FUNC,dataCollectTask_ProcessEvent,264,0x00001EFA,?,0x00001EFA,?
.bss,OBJECT,l2capTaskID,1,0x20001319,?,-,-
.text,FUNC,GAPBondMgr_PeripheralRegister,34,0x00010E8E,?,0x00010E8E,?
.bss,OBJECT,attClientNotifyTxCB,4,0x200012AC,?,-,-
.highcode,FUNC,tmos_memset,64,0x20000500,?,0x00000504,?
.text,FUNC,l2capNotifyData,94,0x00008490,?,0x00008490,?
.data,OBJECT,simpleProfilechar3UUID,2,0x200011E8,?,0x00016604,?
.text,FUNC,ble_ll_set_timeout,34,0x0000E592,?,0x0000E592,?
.text,FUNC,HOST_LE_LongTermKeyRequestEvent,90,0x0000AA74,?,0x0000AA74,?
.text,FUNC,gattServApp_FindPrepareWriteQ,42,0x000061E8,?,0x000061E8,?
.text,FUNC,l2capParseSignalHdr,20,0x0000824A,?,0x0000824A,?
.bss,OBJECT,__stdio_exit_handler,4,0x200013E0,?,-,-
.text,FUNC,gapFreeEstLink,30,0x00004CAA,?,0x00004CAA,?
.text,FUNC,ll_advertise_generated_pdu,170,0x0000B248,?,0x0000B248,?
.text,FUNC,GGS_SetParameter,264,0x0001192E,?,0x0001192E,?
.highcode,FUNC,ll_tx_wait_finish,246,0x20000974,?,0x00000978,?
.text,FUNC,_fstat_r,44,0x00014478,?,0x00014478,?
.text,FUNC,ll_connect_flowcontrol_init,8,0x0000B9CC,?,0x0000B9CC,?
.highcode,FUNC,ble_ll_chkcrc,132,0x200008F0,?,0x000008F4,?
.text,FUNC,LL_ReadRssi,38,0x0000F750,?,0x0000F750,?
.text,FUNC,linkDB_UpdateMTU,40,0x00008BD8,?,0x00008BD8,?
.text,FUNC,sm_ah,128,0x0000A5CE,?,0x0000A5CE,?
.bss,OBJECT,errno,4,0x200013E4,?,-,-
.text,FUNC,L2CAP_CmdReject,18,0x000088D0,?,0x000088D0,?
.text,FUNC,tmos_update_callback_timer,206,0x00002ABE,?,0x00002ABE,?
.text,FUNC,ATT_GetMTU,30,0x00003A06,?,0x00003A06,?
.highcode,FUNC,FLASH_CMD_ROM_WRITE,96,0x20000D4A,?,0x00000D4E,?
.text,FUNC,SetTxPower,90,0x0000E538,?,0x0000E538,?
.text,OBJECT,IOCapMatrix,25,0x0001499C,?,0x0001499C,?
.text,FUNC,GetTxPower,130,0x0000E4B6,?,0x0000E4B6,?
.text,FUNC,gapPasskeyNeededCB,134,0x00004C24,?,0x00004C24,?
.text,FUNC,linkDB_Add,170,0x00008CE0,?,0x00008CE0,?
.bss,OBJECT,RTCTigFlag,4,0x20001260,?,-,-
.text,FUNC,GGS_AddService,44,0x00011A36,?,0x00011A36,?
.text,FUNC,GAP_ParamInit,82,0x00003FD2,?,0x00003FD2,?
.highcode,FUNC,FLASH_ROM_IN,14,0x20000C78,?,0x00000C7C,?
.text,FUNC,GAPRole_PeripheralConnParamUpdateReq,74,0x00011D30,?,0x00011D30,?
.text,FUNC,LL_SendDataPkt,204,0x0000FE2E,?,0x0000FE2E,?
.text,FUNC,ll_connect_parse_datapdu_head,34,0x0000B9AA,?,0x0000B9AA,?
.text,OBJECT,VER_LIB,26,0x00014B78,?,0x00014B78,?
.text,FUNC,HOST_ReadRemoteVersionInfoEvent,62,0x0000ACEA,?,0x0000ACEA,?
.text,FUNC,GAP_PeripheralParamInit,72,0x00005828,?,0x00005828,?
.text,FUNC,LL_SetExtendedScanResponseData,150,0x0000FD0A,?,0x0000FD0A,?
.text,FUNC,tmos_snv_init,162,0x000032F6,?,0x000032F6,?
.text,FUNC,LL_CoreClose,48,0x0000C3DE,?,0x0000C3DE,?
.text,FUNC,UART_DefInit,50,0x00001BAE,?,0x00001BAE,?
.text,FUNC,HSECFG_Capacitance,84,0x000016DC,?,0x000016DC,?
.text,FUNC,sm_c1,118,0x0000911C,?,0x0000911C,?
.text,FUNC,API_LE_SetExtendedScanResponseDataCmd,32,0x0000F698,?,0x0000F698,?
.text,FUNC,SimpleProfile_RegisterAppCBs,14,0x000011D4,?,0x000011D4,?
.bss,OBJECT,gTmosPara,32,0x20002274,?,-,-
.bss,OBJECT,pL2capData,4,0x20001310,?,-,-
.text,FUNC,GAPRole_GetParameter,190,0x00011F04,?,0x00011F04,?
.text,FUNC,GAP_Signable,76,0x00004D96,?,0x00004D96,?
.data,OBJECT,simpleProfilechar5UUID,2,0x200011E0,?,0x000165FC,?
.text,FUNC,ll_connect_procedure_timeout,40,0x0000BEA6,?,0x0000BEA6,?
.text,FUNC,ll_connect_update_dataLen,164,0x0000B88A,?,0x0000B88A,?
.text,FUNC,memcpy,22,0x00000FFE,?,0x00000FFE,?
.text,FUNC,LL_ConnectToStandby,100,0x0000BC26,?,0x0000BC26,?
.text,FUNC,LL_SlaveEnalbe,56,0x0000E10E,?,0x0000E10E,?
.text,FUNC,GAP_Init,76,0x00004ED4,?,0x00004ED4,?
.text,FUNC,SM_ProcessEvent,162,0x000098FA,?,0x000098FA,?
.text,FUNC,API_LE_RemoteConnParamReqReplyCmd,42,0x0000F594,?,0x0000F594,?
.text,FUNC,l2capHandleTimerCB,40,0x00007F80,?,0x00007F80,?
.text,FUNC,__floatsidf,80,0x00013538,?,0x00013538,?
.text,FUNC,GATTServApp_Init,50,0x00007C1C,?,0x00007C1C,?
.text,FUNC,linkDB_Register,32,0x00008B2C,?,0x00008B2C,?
.bss,OBJECT,gapRole_PHYTx,1,0x200013CD,?,-,-
.text,FUNC,LL_LengthRsp,132,0x0000D084,?,0x0000D084,?
.bss,OBJECT,l2capChannels,16,0x200023B0,?,-,-
.text,FUNC,puts,10,0x00013684,?,0x00013684,?
.text,FUNC,LL_RemoteConnParamReqReply,152,0x0000F790,?,0x0000F790,?
.text,FUNC,gapUpdateConnSignCounter,114,0x00004CC8,?,0x00004CC8,?
.data,OBJECT,simpleProfilechar4UUID,2,0x200011E4,?,0x00016600,?
.text,FUNC,l2capNotifyEvent,50,0x00008578,?,0x00008578,?
.bss,OBJECT,MPU6050ReadBuffer,32,0x20001418,?,-,-
.text,FUNC,L2CAP_HostNumCompletedPkts,2,0x00008036,?,0x00008036,?
.text,FUNC,LL_RejectInd,28,0x0000CEA8,?,0x0000CEA8,?
.text,FUNC,GATT_VerifyReadPermissions,104,0x000074B2,?,0x000074B2,?
.text,FUNC,ATT_ParsePacket,136,0x00003942,?,0x00003942,?
.text,FUNC,Peripheral_Init,398,0x00002492,?,0x00002492,?
.text,FUNC,ll_connect_event_continue,162,0x0000BA68,?,0x0000BA68,?
.text,FUNC,ll_connect_set_connect_timeout,56,0x0000B7C0,?,0x0000B7C0,?
.bss,OBJECT,MemCtlEnd,4,0x20001280,?,-,-
.text,FUNC,HOST_CommandStatusEvent,64,0x0000AD82,?,0x0000AD82,?
.text,FUNC,_fstat,12,0x00014592,?,0x00014592,?
.bss,OBJECT,gRssiVal,1,0x20001340,?,-,-
.text,FUNC,tmos_msg_send,144,0x00002904,?,0x00002904,?
.bss,OBJECT,tasksArr,4,0x200012A0,?,-,-
.bss,OBJECT,MemCtlPartition,4,0x20001284,?,-,-
.text,FUNC,gattServApp_FindAuthorizeAttrCB,22,0x0000622A,?,0x0000622A,?
.text,OBJECT,btBaseUUID,16,0x00014840,?,0x00014840,?
.text,FUNC,dataTxTask_init,92,0x000020E2,?,0x000020E2,?
.data,OBJECT,simpleProfilechar1UUID,2,0x200011F0,?,0x0001660C,?
.bss,OBJECT,gapRole_AdvDirectAddr,6,0x200013C4,?,-,-
.text,FUNC,__fixunsdfsi,94,0x000134DA,?,0x000134DA,?
.highcode,FUNC,BB_IRQLibHandler,136,0x200007D2,?,0x000007D6,?
.highcode,FUNC,LLE_IRQLibHandler,284,0x20000A6A,?,0x00000A6E,?
.bss,OBJECT,pfnProcessCBs,4,0x20001294,?,-,-
.text,FUNC,l2capStartTimer,26,0x00007FFC,?,0x00007FFC,?
.text,FUNC,LL_Encrypt,50,0x0000E3C0,?,0x0000E3C0,?
.text,FUNC,FLASH_EEPROM_CMD,298,0x0001221E,?,0x0001221E,?
.text,FUNC,smpBuildPairingReq,10,0x00009BB8,?,0x00009BB8,?
.text,FUNC,RFEND_TXFtune,14,0x0000F454,?,0x0000F454,?
.text,FUNC,smpBuildEncInfo,48,0x00009AB6,?,0x00009AB6,?
.bss,OBJECT,MPU6050WriteBuffer,32,0x200013F8,?,-,-
.text,FUNC,LL_PHYReq,82,0x0000D108,?,0x0000D108,?
.text,FUNC,gapDetermineAddrType,38,0x0000427C,?,0x0000427C,?
.text,FUNC,smpBuildIdentityInfo,48,0x00009B22,?,0x00009B22,?
.bss,OBJECT,pfnClientProcessMsgCB,4,0x200012EC,?,-,-
.text,FUNC,RFEND_RXFilter,140,0x0000E742,?,0x0000E742,?
.text,FUNC,gapGetDevAddressMode,10,0x00004310,?,0x00004310,?
.highcode,FUNC,FLASH_START,54,0x20000D14,?,0x00000D18,?
.text,FUNC,Lib_Write_Flash,52,0x000012B4,?,0x000012B4,?
.text,FUNC,GATTServApp_ReadAttr,690,0x00006F2A,?,0x00006F2A,?
.text,FUNC,_sbrk_r,44,0x0001452A,?,0x0001452A,?
.text,FUNC,SM_PasskeyUpdate,178,0x000095F2,?,0x000095F2,?
.bss,OBJECT,gapRole_PHYRx,1,0x200013CC,?,-,-
.text,FUNC,GAPRole_PeripheralEnable,246,0x00011DCC,?,0x00011DCC,?
.text,FUNC,ATT_ConvertUUIDto128,62,0x0000388A,?,0x0000388A,?
.text,FUNC,gapGetSRK,10,0x00004324,?,0x00004324,?
.text,FUNC,tmos_snv_write,574,0x00003628,?,0x00003628,?
.bss,OBJECT,pGapRolesPeri_AppCGs,4,0x200013A8,?,-,-
.text,FUNC,smProcessDataMsg,164,0x0000934E,?,0x0000934E,?
.text,FUNC,ll_set_connect_event,90,0x0000BB0A,?,0x0000BB0A,?
.bss,OBJECT,gTuneFilter,1,0x2000135D,?,-,-
.data,OBJECT,simpleProfilechar2UUID,2,0x200011EC,?,0x00016608,?
.text,FUNC,ATT_WriteRsp,12,0x00003ECA,?,0x00003ECA,?
.text,FUNC,ll_connect_init_dataLen,96,0x0000B7F8,?,0x0000B7F8,?
.text,FUNC,LL_AdvertiseEnalbe,94,0x0000B700,?,0x0000B700,?
.text,FUNC,TMOS_TimerSet,50,0x000031F8,?,0x000031F8,?
.text,FUNC,smPairingSendSingingInfo,16,0x00009D0C,?,0x00009D0C,?
.text,FUNC,LL_ReadBDAddr,34,0x0000F72E,?,0x0000F72E,?
.text,FUNC,_read_r,46,0x000144FC,?,0x000144FC,?
.text,FUNC,llAdvertiseTimeout,62,0x0000B6BC,?,0x0000B6BC,?
.text,FUNC,HOST_LE_ReadRemoteUsedFeaturesCompleteEvent,98,0x0000AA12,?,0x0000AA12,?
.highcode,FUNC,FLASH_ROM_BEG,20,0x20000C56,?,0x00000C5A,?
.text,FUNC,gattSendFlowCtrlEvt,44,0x00005AFA,?,0x00005AFA,?
.text,FUNC,ATT_ErrorRsp,16,0x00003B1A,?,0x00003B1A,?
.text,FUNC,tmos_snv_notify,84,0x000035D4,?,0x000035D4,?
.bss,OBJECT,linkDB,4,0x2000131C,?,-,-
.text,FUNC,linkDB_GetPairingParam,62,0x00008DB6,?,0x00008DB6,?
.text,FUNC,ATT_ReadByTypeRsp,64,0x00003D52,?,0x00003D52,?
.data,OBJECT,g_mpu,20,0x200010AC,?,0x000164C8,?
.text,FUNC,ATT_BuildExchangeMTURsp,14,0x00003B2A,?,0x00003B2A,?
.text,FUNC,Peripheral_ProcessEvent,320,0x0000215C,?,0x0000215C,?
.text,FUNC,GAPRole_TerminateLink,34,0x00012188,?,0x00012188,?
.text,FUNC,SM_StartPairing,160,0x00009728,?,0x00009728,?
.text,FUNC,gattServApp_ProcessFindByTypeValueReq,388,0x0000732E,?,0x0000732E,?
.data,OBJECT,appearanceUUID,2,0x20001204,?,0x00016620,?
.text,FUNC,tmos_snv_compact,4,0x00003866,?,0x00003866,?
.text,FUNC,smpBuildIdentityAddrInfo,54,0x00009B52,?,0x00009B52,?
.text,FUNC,GAP_PeriConnRegister,42,0x000057FE,?,0x000057FE,?
.highcode,FUNC,FLASH_CMD_ROM_ERASE,114,0x20000DAA,?,0x00000DAE,?
.text,FUNC,__adddf3,1406,0x00012660,?,0x00012660,?
.text,FUNC,GAPRole_ParamInit,66,0x00011EC2,?,0x00011EC2,?
.text,FUNC,gapIncSignCounter,34,0x0000433A,?,0x0000433A,?
.bss,OBJECT,tmosSign,1,0x20001354,?,-,-
.text,FUNC,LL_SendAck,22,0x0000CD08,?,0x0000CD08,?
.text,FUNC,MPU6050_Callback,2,0x00001E74,?,0x00001E74,?
.text,FUNC,gapSendLinkUpdateEvent,156,0x00004744,?,0x00004744,?
.bss,OBJECT,gapRole_OldSRK,16,0x200024F4,?,-,-
.text,FUNC,ATT_ParamInit,10,0x00003880,?,0x00003880,?
.text,FUNC,sm_xor,32,0x0000A5AE,?,0x0000A5AE,?
.text,FUNC,_isatty,12,0x0001459E,?,0x0001459E,?
.text,FUNC,HOST_RecvDataPackets,518,0x0000AE44,?,0x0000AE44,?
.text,FUNC,GATT_ProcessEvent,338,0x00005DBE,?,0x00005DBE,?
.highcode,FUNC,FLASH_ROM_ADDR,72,0x20000C94,?,0x00000C98,?
.text,FUNC,GAP_PeriDevMgrInit,46,0x000059FC,?,0x000059FC,?
.text,FUNC,sendTerminateEvent,94,0x00004024,?,0x00004024,?
.bss,OBJECT,pEstLink,4,0x200012B4,?,-,-
.text,FUNC,__udivdi3,750,0x00012372,?,0x00012372,?
.text,FUNC,GAP_TerminateLinkReq,90,0x00004E10,?,0x00004E10,?
.bss,OBJECT,llRecvDataDisable,4,0x20001334,?,-,-
.text,FUNC,__floatunsidf,60,0x00013588,?,0x00013588,?
.text,FUNC,LL_LtkReqReply,216,0x0000F910,?,0x0000F910,?
.text,FUNC,_sbrk,44,0x00001B56,?,0x00001B56,?
.bss,OBJECT,gapRole_MinConnInterval,2,0x200013BE,?,-,-
.text,FUNC,l2capFreePendingPkt,82,0x00007FA8,?,0x00007FA8,?
.bss,OBJECT,halTaskID,1,0x20001258,?,-,-
.text,FUNC,GAP_PasscodeUpdate,80,0x00004A04,?,0x00004A04,?
.bss,OBJECT,bleClock_t,20,0x200022C8,?,-,-
.text,FUNC,gapProcessDisconnectCompleteEvt,158,0x00004390,?,0x00004390,?
.text,FUNC,leftshift_onebit,36,0x0000A486,?,0x0000A486,?
.highcode,FUNC,Main_Circulation,8,0x200003C6,?,0x000003CA,?
.bss,OBJECT,pfnConnectEventCBs,4,0x20001330,?,-,-
.bss,OBJECT,fnGetClockCBs,4,0x2000129C,?,-,-
.text,FUNC,BLE_LibInit,214,0x00002F9E,?,0x00002F9E,?
.text,FUNC,API_ReadBDADDRCmd,32,0x0000F47A,?,0x0000F47A,?
.text,FUNC,LL_CoreInit,20,0x0000C40E,?,0x0000C40E,?
.bss,OBJECT,MemCtlStart,4,0x20001288,?,-,-
.text,FUNC,ATT_ParseReadByTypeReq,70,0x00003D0C,?,0x00003D0C,?
.text,FUNC,LL_LtkReqNegReply,62,0x0000F9E8,?,0x0000F9E8,?
.highcode,FUNC,ll_rx_start,114,0x2000087E,?,0x00000882,?
.text,FUNC,ll_get_sca_own,70,0x00003134,?,0x00003134,?
.text,FUNC,smNextPairingState,62,0x00008F6A,?,0x00008F6A,?
.text,FUNC,ll_get_sca_divisor,64,0x000030F4,?,0x000030F4,?
.text,FUNC,L2CAP_GetMTU,6,0x00008030,?,0x00008030,?
.text,FUNC,HOST_LE_ConnectionCompleteEvent,92,0x0000A974,?,0x0000A974,?
.highcode,FUNC,RTC_IRQHandler,22,0x200000BA,?,0x000000BE,?
.text,FUNC,ATT_BuildFindInfoRsp,30,0x00003B38,?,0x00003B38,?
.data,OBJECT,primaryServiceUUID,2,0x2000121C,?,0x00016638,?
.text,FUNC,API_LE_ReadBufSizeCmd,32,0x0000F4C8,?,0x0000F4C8,?
.text,FUNC,GATT_InitServer,232,0x00007B34,?,0x00007B34,?
.text,FUNC,ll_advertise_to_connection_state,330,0x0000B2F2,?,0x0000B2F2,?
.bss,OBJECT,pSmGenKey,4,0x20001320,?,-,-
.text,FUNC,API_DisconnectCmd,22,0x0000F462,?,0x0000F462,?
.text,FUNC,LL_CoreDataListFree,46,0x0000C3B0,?,0x0000C3B0,?
.text,FUNC,smPairingSendIdentityAddrInfo,54,0x00009C90,?,0x00009C90,?
.text,FUNC,LL_ProcessTMOSReportMsg,314,0x0000D3FE,?,0x0000D3FE,?
.text,FUNC,GAPBondMgr_LinkTerm,168,0x00010944,?,0x00010944,?
.text,FUNC,L2CAP_ConnParamUpdateReq,22,0x000088E2,?,0x000088E2,?
.text,FUNC,FLASH_ROM_READ,28,0x00001A20,?,0x00001A20,?
.data,OBJECT,g_dataCollectTask,20,0x200010C0,?,0x000164DC,?
.text,FUNC,l2capBuildCmdReject,64,0x00008890,?,0x00008890,?
.text,FUNC,gapSendMakeDiscEvent,72,0x00005870,?,0x00005870,?
.text,FUNC,smPairingSendEncInfo,16,0x00009C80,?,0x00009C80,?
.text,FUNC,HOST_EncryptionChangeEvent,76,0x0000AC9E,?,0x0000AC9E,?
.bss,OBJECT,LSIWakeup_MaxTime,2,0x20001264,?,-,-
.text,FUNC,ATT_BuildReadByTypeRsp,20,0x00003B60,?,0x00003B60,?
.text,FUNC,GATTServApp_RegisterService,106,0x00007A04,?,0x00007A04,?
.text,FUNC,LL_SetExtendedAdvertisingParameters,466,0x0000FAA2,?,0x0000FAA2,?
.text,FUNC,GGS_ParamInit,312,0x000117F6,?,0x000117F6,?
.text,FUNC,HAL_Init,44,0x000014C8,?,0x000014C8,?
.bss,OBJECT,__sf,312,0x20002534,?,-,-
.highcode,FUNC,FLASH_ROM_WAIT,56,0x20000CDC,?,0x00000CE0,?
.text,FUNC,gapRegisterPeripheral,6,0x00004082,?,0x00004082,?
.text,FUNC,UART_Remap,34,0x00001BE0,?,0x00001BE0,?
.text,FUNC,GAPBondMgr_ResolveAddr,278,0x000109EC,?,0x000109EC,?
.text,FUNC,HOST_CommandCompleteEvent,90,0x0000AD28,?,0x0000AD28,?
.text,FUNC,__lshrdi3,42,0x00012348,?,0x00012348,?
.bss,OBJECT,gptrAESReg,4,0x20001338,?,-,-
.text,FUNC,gapL2capConnParamUpdateReq,48,0x000040E6,?,0x000040E6,?
.text,FUNC,GAP_ParamsInit,78,0x00004204,?,0x00004204,?
.text,FUNC,gattServApp_ClearPrepareWriteQ,76,0x0000619C,?,0x0000619C,?
.text,FUNC,RFEND_DevInit,164,0x0000E69E,?,0x0000E69E,?
.bss,OBJECT,gapRole_state,4,0x200013D0,?,-,-
.text,FUNC,gapRegisterPeripheralConn,6,0x00004088,?,0x00004088,?
.text,FUNC,HOST_DisconnectionCompleteEvent,70,0x0000AC58,?,0x0000AC58,?
.text,FUNC,API_MD_DisconnectCmd,2,0x0000F478,?,0x0000F478,?
.text,FUNC,gattFindService,26,0x00006334,?,0x00006334,?
.text,FUNC,ATT_BuildReadByGrpTypeRsp,20,0x00003B80,?,0x00003B80,?
.text,FUNC,GAP_RegisterForMsgs,6,0x00004A54,?,0x00004A54,?
.text,FUNC,ATT_ReadByGrpTypeRsp,64,0x00003E5C,?,0x00003E5C,?
.text,FUNC,padding,44,0x0000A4AA,?,0x0000A4AA,?
.text,FUNC,linkDB_NeedSendKey,62,0x00008DF4,?,0x00008DF4,?
.text,FUNC,dataCollectTask_start,12,0x0000202E,?,0x0000202E,?
.text,FUNC,GAP_SecParamsInit,138,0x0000417A,?,0x0000417A,?
.text,FUNC,l2capSendPkt,48,0x00008834,?,0x00008834,?
.bss,OBJECT,msg_qHead,4,0x2000128C,?,-,-
.text,FUNC,GATT_Notification,116,0x00006CC4,?,0x00006CC4,?
.text,FUNC,ATT_RegisterServer,6,0x0000393C,?,0x0000393C,?
.text,FUNC,LL_ConnectFlowcontrolTx,32,0x0000B9D4,?,0x0000B9D4,?
.text,OBJECT,const_Rb,16,0x000149E0,?,0x000149E0,?
.text,FUNC,API_LE_SetExtendedAdvertisingDataCmd,32,0x0000F678,?,0x0000F678,?
.text,FUNC,GAP_Authenticate,168,0x000048E8,?,0x000048E8,?
.text,FUNC,LL_SetPHY,88,0x0000FA4A,?,0x0000FA4A,?
.text,FUNC,smResponderProcessLTKReq,304,0x00009F2E,?,0x00009F2E,?
.text,FUNC,ATT_HandleValueNoti,48,0x00003F52,?,0x00003F52,?
.text,FUNC,GATTServApp_ReadCharCfg,22,0x00006038,?,0x00006038,?
.text,FUNC,GATT_FindNextAttr,168,0x00006E82,?,0x00006E82,?
.text,FUNC,API_LE_LtkReqNegReplyCmd,40,0x0000F56C,?,0x0000F56C,?
.text,FUNC,__sfputs_r,66,0x00013A1E,?,0x00013A1E,?
.text,FUNC,ll_process_after_connect_event,708,0x0000BEFE,?,0x0000BEFE,?
.text,FUNC,L2CAP_SendData,128,0x000086C4,?,0x000086C4,?
.text,FUNC,l2capEncapSendData,142,0x000085D4,?,0x000085D4,?
.text,FUNC,memchr,24,0x00014436,?,0x00014436,?
.text,FUNC,linkDB_Remove,72,0x00008B4C,?,0x00008B4C,?
.text,FUNC,gattStopTimer,38,0x00005B32,?,0x00005B32,?
.text,FUNC,LL_LengthReq,108,0x0000D018,?,0x0000D018,?
.text,FUNC,_free_r,158,0x000137E8,?,0x000137E8,?
.data,OBJECT,simpleProfileServUUID,2,0x200011F4,?,0x00016610,?
.data,OBJECT,gapBond_Auto,1,0x200011A6,?,0x000165C2,?
.text,FUNC,attSendMsg,178,0x00003A24,?,0x00003A24,?
.bss,OBJECT,l2capId,1,0x20001316,?,-,-
.text,FUNC,gattNotifyEvent,130,0x00005A78,?,0x00005A78,?
.text,FUNC,API_LE_RemoteConnParamReqNegReplyCmd,42,0x0000F5BE,?,0x0000F5BE,?
.text,FUNC,GAPRole_SetParameter,444,0x00011FC2,?,0x00011FC2,?
.text,FUNC,GATTServApp_SendServiceChangedInd,52,0x00006168,?,0x00006168,?
.text,FUNC,gattServApp_WriteAttrCB,44,0x000060DC,?,0x000060DC,?
.text,FUNC,ATT_BuildReadMultiRsp,4,0x00003B7C,?,0x00003B7C,?
.text,FUNC,API_LE_SetDefaultPHYCmd,32,0x0000F5E8,?,0x0000F5E8,?
.text,FUNC,GATT_FindHandleUUID,136,0x00006A26,?,0x00006A26,?
.text,FUNC,HOST_LE_ScanRequestReceivedEvent,102,0x0000ABF2,?,0x0000ABF2,?
.text,FUNC,ATT_ParseReadBlobReq,4,0x00003DD8,?,0x00003DD8,?
.text,FUNC,simpleProfile_Notify,64,0x0000125C,?,0x0000125C,?
.text,FUNC,GAPRole_PeripheralProcessEvent,198,0x00011C6A,?,0x00011C6A,?
.text,FUNC,llAdvertiseSet,198,0x0000B5AE,?,0x0000B5AE,?
.text,FUNC,_lseek,12,0x000145AA,?,0x000145AA,?
.bss,OBJECT,attServerNotifyTxCB,4,0x200012B0,?,-,-
.text,FUNC,LL_WhitelistInit,18,0x0000E236,?,0x0000E236,?
.text,FUNC,linkDB_PeripheralLinkNum,56,0x00008C58,?,0x00008C58,?
.bss,OBJECT,linkCBs,24,0x200023C0,?,-,-
.text,FUNC,BLE_IPCoreInit,124,0x0000E622,?,0x0000E622,?
.text,FUNC,API_LE_AddWhiteListCmd,30,0x0000F506,?,0x0000F506,?
.text,FUNC,LL_PHYRsp,88,0x0000D15A,?,0x0000D15A,?
.text,FUNC,GAP_TerminateAuth,42,0x00004DE2,?,0x00004DE2,?
.text,FUNC,smpBuildSecurityReq,22,0x00009BD8,?,0x00009BD8,?
.text,FUNC,AES_DevAESEnc,376,0x0000E248,?,0x0000E248,?
.text,FUNC,gapSendDeviceInitDoneEvent,112,0x000046D4,?,0x000046D4,?
.text,FUNC,SM_GenerateAuthenSig,210,0x00009520,?,0x00009520,?
.text,FUNC,tmos_msg_allocate,98,0x0000280A,?,0x0000280A,?
.data,OBJECT,serviceChangedUUID,2,0x200011F8,?,0x00016614,?
.text,FUNC,L2CAP_RegisterApp,42,0x00008038,?,0x00008038,?
.text,FUNC,smPairingSendIdentityInfo,16,0x00009CC6,?,0x00009CC6,?
.text,FUNC,linkDB_Role,22,0x00008B94,?,0x00008B94,?
.text,FUNC,tmos_memdup,86,0x00002A04,?,0x00002A04,?
.text,FUNC,LL_StartEncReq,26,0x0000CD92,?,0x0000CD92,?
.text,FUNC,AES_DevPktDec,98,0x0000E454,?,0x0000E454,?
.text,FUNC,l2capParsePacket,96,0x0000825E,?,0x0000825E,?
.text,FUNC,GATT_Init,38,0x00005D98,?,0x00005D98,?
.bss,OBJECT,gapParams,28,0x200022F4,?,-,-
.text,FUNC,GAP_GetAdvertisingAdvData,34,0x000057AE,?,0x000057AE,?
.bss,OBJECT,EventsArr,4,0x200012A4,?,-,-
.text,FUNC,smpBuildPairingFailed,22,0x00009BC2,?,0x00009BC2,?
.text,FUNC,GAPBondMgr_ProcessEvent,380,0x000113C2,?,0x000113C2,?
.text,FUNC,LL_ConnectionParamRsp,150,0x0000CF62,?,0x0000CF62,?
.text,FUNC,HOST_NumberOfCompletedPacketsEvent,64,0x0000AE04,?,0x0000AE04,?
.text,FUNC,gapSendPairingReqEvent,170,0x0000462A,?,0x0000462A,?
.bss,OBJECT,gapRole_AdvDirectType,1,0x200013CA,?,-,-
.text,FUNC,l2capStoreFCPkt,42,0x000085AA,?,0x000085AA,?
.text,FUNC,API_LE_SetPHYCmd,30,0x0000F608,?,0x0000F608,?
.text,FUNC,ble_ll_common_rand8,44,0x0000317A,?,0x0000317A,?
.text,FUNC,sm_s1,130,0x0000A770,?,0x0000A770,?
.text,FUNC,gattServApp_HandleConnStatusCB,110,0x00007AC6,?,0x00007AC6,?
.text,FUNC,_close_r,42,0x0001444E,?,0x0001444E,?
.highcode,FUNC,LLE_DevSetMode,150,0x20000B8C,?,0x00000B90,?
.text,FUNC,l2capSendReq,102,0x000087CE,?,0x000087CE,?
.text,FUNC,gapSendBondCompleteEvent,112,0x000045BA,?,0x000045BA,?
.bss,OBJECT,gptrRFENDReg,4,0x20001368,?,-,-
.text,FUNC,ATT_ReadBlobRsp,48,0x00003DDC,?,0x00003DDC,?
.bss,OBJECT,gapRole_signCounter,4,0x200013B8,?,-,-
.text,FUNC,llAdvertiseCreateCore,96,0x0000B1E8,?,0x0000B1E8,?
.highcode,FUNC,SetSysClock,622,0x200000D0,?,0x000000D4,?
.bss,OBJECT,l2capNumRecvDataPkts,1,0x20001317,?,-,-
.highcode,FUNC,LL_WhitelistLookup,68,0x2000078E,?,0x00000792,?
.bss,OBJECT,gBleLlPara,88,0x200023D8,?,-,-
.text,FUNC,__swsetup_r,186,0x0001371E,?,0x0001371E,?
.text,FUNC,LL_HopInit,84,0x0000C46E,?,0x0000C46E,?
.text,FUNC,gattServApp_ProcessReadByGrpTypeReq,462,0x000075E4,?,0x000075E4,?
.highcode,FUNC,FLASH_CMD_GET_UNIQUE_ID,62,0x20000ED8,?,0x00000EDC,?
.text,FUNC,SimpleProfile_SetParameter,122,0x000011E2,?,0x000011E2,?
.text,FUNC,__divdf3,1244,0x00012BDE,?,0x00012BDE,?
.text,FUNC,ATT_ParseReadMultiReq,24,0x00003E0C,?,0x00003E0C,?
.text,FUNC,LL_UnknowRsp,28,0x0000CDC6,?,0x0000CDC6,?
.highcode,FUNC,FLASH_CMD_ROM_PWR,18,0x20000E6C,?,0x00000E70,?
.bss,OBJECT,gapRole_MaxConnInterval,2,0x200013BC,?,-,-
.text,FUNC,ll_advertise_event_closed,96,0x0000B4A4,?,0x0000B4A4,?
.text,FUNC,GAP_L2capConnParamUpdateReq,22,0x00004D3A,?,0x00004D3A,?
.bss,OBJECT,gapRole_IRK,16,0x20002524,?,-,-
.text,FUNC,HOST_LE_RemoteConnectionParameterRequestEvent,66,0x0000AACE,?,0x0000AACE,?
.text,FUNC,__muldf3,1056,0x000130BA,?,0x000130BA,?
.text,FUNC,gapPairingCompleteCB,454,0x00004A5E,?,0x00004A5E,?
.text,FUNC,__sread,42,0x00014390,?,0x00014390,?
.text,FUNC,LL_ReportGenerateEvent,70,0x0000D538,?,0x0000D538,?
.text,FUNC,__malloc_lock,2,0x000139F2,?,0x000139F2,?
.text,FUNC,llSlaveStartEvent,278,0x0000DFF8,?,0x0000DFF8,?
.text,FUNC,HOST_RemoteConnectionParameterRequestEvent,72,0x0000AB10,?,0x0000AB10,?
.bss,OBJECT,MEM_BUF,3584,0x20001474,?,-,-
.text,FUNC,smPairingSendMasterID,54,0x00009CD6,?,0x00009CD6,?
.text,FUNC,_fflush_r,56,0x0001410E,?,0x0001410E,?
.text,FUNC,tmos_memory_getlen,28,0x000026EE,?,0x000026EE,?
.text,FUNC,GAPRole_BroadcasterSetCB,6,0x0001217E,?,0x0001217E,?
.text,FUNC,LL_ConnectEventRegister,6,0x0000B75E,?,0x0000B75E,?
.text,FUNC,GATT_AppCompletedMsg,40,0x00005B58,?,0x00005B58,?
.bss,OBJECT,gCfoVal,2,0x20001342,?,-,-
.text,FUNC,gapProcessConnEvt,52,0x0000435C,?,0x0000435C,?
.highcode,FUNC,tmos_memcmp,76,0x20000540,?,0x00000544,?
.text,FUNC,memset,16,0x00000FEE,?,0x00000FEE,?
.bss,OBJECT,gptrLLEReg,4,0x20001358,?,-,-
.text,FUNC,main,200,0x00002626,?,0x00002626,?
.text,OBJECT,funcArr,64,0x00014A54,?,0x00014A54,?
.text,FUNC,LL_TerminateInd,36,0x0000CD1E,?,0x0000CD1E,?
.text,FUNC,GAP_DeviceInit,66,0x00004E92,?,0x00004E92,?
.text,FUNC,TMOS_CB_ProcessEvent,106,0x0000299A,?,0x0000299A,?
.text,FUNC,GAPBondMgr_ServiceChangeInd,138,0x00010D88,?,0x00010D88,?
.text,FUNC,LL_RejectIndExt,32,0x0000CFF8,?,0x0000CFF8,?
.text,FUNC,gattServApp_ProcessPrepareWriteReq,238,0x000067FE,?,0x000067FE,?
.text,FUNC,LL_MD_Disconnect,40,0x0000F706,?,0x0000F706,?
.text,FUNC,llSlaveCreateCore,194,0x0000DE20,?,0x0000DE20,?
.text,FUNC,ATT_BuildErrorRsp,22,0x0000386A,?,0x0000386A,?
.text,FUNC,Peripheral_GetConnHandle,6,0x00002620,?,0x00002620,?
.text,FUNC,smGeneratePairingRsp,46,0x00009BEE,?,0x00009BEE,?
.text,FUNC,SimpleProfile_AddService,78,0x00001186,?,0x00001186,?
.text,FUNC,L2CAP_ProcessEvent,182,0x0000811C,?,0x0000811C,?
.bss,OBJECT,gapBond_Invalid,1,0x20001374,?,-,-
.text,FUNC,GATTServApp_WriteCharCfg,58,0x0000604E,?,0x0000604E,?
.bss,OBJECT,pGapRoles_AppCGs,4,0x200013AC,?,-,-
.text,FUNC,BLE_ClockConfig,38,0x000014F4,?,0x000014F4,?
.text,FUNC,__sclose,6,0x00014430,?,0x00014430,?
.text,FUNC,GAP_ProcessEvent,916,0x00004F20,?,0x00004F20,?
.text,FUNC,LL_WhitelistClearAll,72,0x0000E1EE,?,0x0000E1EE,?
.text,FUNC,LL_PauseEncRsp,26,0x0000CE34,?,0x0000CE34,?
.text,FUNC,dataCollectTask_init,44,0x00002002,?,0x00002002,?
.text,FUNC,ATT_ReadMultiRsp,56,0x00003E24,?,0x00003E24,?
.text,FUNC,RTC_InitClock,232,0x00001730,?,0x00001730,?
.text,FUNC,_malloc_r,278,0x000138DC,?,0x000138DC,?
.bss,OBJECT,gapRole_SRK,16,0x20002514,?,-,-
.text,FUNC,GATTServApp_SendCCCUpdatedEvent,96,0x00006108,?,0x00006108,?
.highcode,FUNC,tmos_memory_free,192,0x200003CE,?,0x000003D2,?
.text,FUNC,API_LE_LtkReqReplyCmd,40,0x0000F544,?,0x0000F544,?
.text,FUNC,LL_VersionInd,90,0x0000CE4E,?,0x0000CE4E,?
.text,FUNC,LL_RemoteConnParamReqNegReply,58,0x0000F828,?,0x0000F828,?
.text,FUNC,BLE_RegInit,110,0x0000E5B4,?,0x0000E5B4,?
.text,FUNC,TMOS_Init,196,0x00002EB0,?,0x00002EB0,?
.text,FUNC,GAPBondMgr_LinkEst,336,0x00010EC4,?,0x00010EC4,?
.text,FUNC,gattServApp_ProcessReadByTypeReq,370,0x000077B2,?,0x000077B2,?
.text,FUNC,LL_Disconnect,46,0x0000F6D8,?,0x0000F6D8,?
.text,FUNC,GAPBondMgr_SetParameter,646,0x00010B02,?,0x00010B02,?
.text,FUNC,GAPBondMgr_ParamInit,296,0x00010710,?,0x00010710,?
.text,FUNC,tmos_start_task,320,0x00002B8C,?,0x00002B8C,?
.text,FUNC,API_LE_ClearWhiteListCmd,30,0x0000F4E8,?,0x0000F4E8,?
.text,FUNC,GATT_NotifyEvent,64,0x00005B80,?,0x00005B80,?
.bss,OBJECT,gapParameters,24,0x200022DC,?,-,-
.text,FUNC,ATT_CompareUUID,116,0x000038C8,?,0x000038C8,?
.data,OBJECT,simpleProfileCBs,12,0x20000F30,?,0x0001634C,?
.data,OBJECT,deviceNameUUID,2,0x20001208,?,0x00016624,?
.text,FUNC,ll_connect_action_in_connintervaltimeout,540,0x0000BC8A,?,0x0000BC8A,?
.text,FUNC,HAL_TimeInit,264,0x0000151A,?,0x0000151A,?
.data,OBJECT,characterUUID,2,0x20001214,?,0x00016630,?
.data,OBJECT,gapBond_Erase,1,0x200011A4,?,0x000165C0,?
.text,FUNC,LL_EncRsp,80,0x0000CD42,?,0x0000CD42,?
.text,FUNC,ATT_BuildPrepareWriteRsp,30,0x00003B94,?,0x00003B94,?
.text,FUNC,smGenerateRandMsg,50,0x00009C4E,?,0x00009C4E,?
.text,FUNC,l2capProcessRsp,158,0x00008318,?,0x00008318,?
.text,FUNC,gapRole_PeripheralProcessTMOSMsg,80,0x00011C1A,?,0x00011C1A,?
.text,FUNC,xor_128,38,0x0000A460,?,0x0000A460,?
.text,FUNC,linkDB_NumConns,6,0x00008B26,?,0x00008B26,?
.text,FUNC,iprintf,40,0x000135C4,?,0x000135C4,?
.text,FUNC,LL_SetExtendedAdvertisingData,150,0x0000FC74,?,0x0000FC74,?
.text,FUNC,GAPRole_ReadRssiCmd,4,0x00012184,?,0x00012184,?
.text,FUNC,tmos_stop_task,146,0x00002D82,?,0x00002D82,?
.text,FUNC,L2CAP_Init,124,0x000080A0,?,0x000080A0,?
.text,FUNC,linkDB_Find,42,0x000089A8,?,0x000089A8,?
.text,FUNC,LL_LE_ReadBufSize,26,0x0000F776,?,0x0000F776,?
.text,OBJECT,__clz_tab,256,0x00014D6C,?,0x00014D6C,?
.text,FUNC,dataTxTask_start,12,0x0000213E,?,0x0000213E,?
.text,FUNC,linkDB_PerformFunc,88,0x00008C00,?,0x00008C00,?
.text,FUNC,HOST_LE_PHYUpdateCompleteReportEvent,88,0x0000AB9A,?,0x0000AB9A,?
.text,FUNC,GATTServApp_RegisterForMsg,6,0x00007A9A,?,0x00007A9A,?
.text,FUNC,LL_SetExtendedAdvertisingEnable,142,0x0000FDA0,?,0x0000FDA0,?
.text,FUNC,_write_r,48,0x00014556,?,0x00014556,?
.text,FUNC,ATT_BuildFindByTypeValueRsp,10,0x00003B56,?,0x00003B56,?
.highcode,FUNC,FLASH_CMD_ROM_SW_RESET,26,0x20000F16,?,0x00000F1A,?
.text,FUNC,GATT_ServiceEncKeySize,22,0x00006364,?,0x00006364,?
.text,FUNC,smpBuildSigningInfo,48,0x00009B88,?,0x00009B88,?
.text,FUNC,smpParseMasterID,56,0x000092D0,?,0x000092D0,?
.text,FUNC,gapGetSignCounter,12,0x0000432E,?,0x0000432E,?
.bss,OBJECT,taskHead,4,0x20001290,?,-,-
.text,FUNC,_printf_common,264,0x00013C9C,?,0x00013C9C,?
.text,FUNC,gattRegisterServer,6,0x00005BC0,?,0x00005BC0,?
.data,OBJECT,_impure_ptr,4,0x200011B0,?,0x000165CC,?
.text,FUNC,l2capSendCmd,138,0x00008744,?,0x00008744,?
.text,FUNC,linkDB_MTU,22,0x00008AE6,?,0x00008AE6,?
.text,FUNC,__sflush_r,286,0x00013FF0,?,0x00013FF0,?
.text,FUNC,tmos_memory_init,96,0x0000270A,?,0x0000270A,?
.text,FUNC,_fwalk_sglue,94,0x00014266,?,0x00014266,?
.text,FUNC,ATT_ParseFindByTypeValueReq,102,0x00003C66,?,0x00003C66,?
.text,FUNC,GATTServApp_ProcessCCCWriteReq,84,0x00006088,?,0x00006088,?
.bss,OBJECT,gapRole_profileRole,1,0x200013CF,?,-,-
.text,FUNC,ATT_ParseExchangeMTUReq,22,0x00003BC6,?,0x00003BC6,?
.text,FUNC,smSendFailAndEnd,54,0x0000908E,?,0x0000908E,?
.text,FUNC,gapFindADType,100,0x00004116,?,0x00004116,?
.bss,OBJECT,g_dataCollectPayload,16,0x20001444,?,-,-
.bss,OBJECT,Freq_LSI,4,0x20001268,?,-,-
.text,FUNC,API_LE_RandCmd,32,0x0000F524,?,0x0000F524,?
.text,FUNC,ATT_ParseExecuteWriteReq,16,0x00003F36,?,0x00003F36,?
.data,OBJECT,clientCharCfgUUID,2,0x2000120C,?,0x00016628,?
.text,FUNC,RFEND_RXAdc,54,0x0000E7CE,?,0x0000E7CE,?
.text,FUNC,CH57x_BLEInit,322,0x00001386,?,0x00001386,?
.text,FUNC,HOST_EncryptionKeyRefreshCompleteEvent,66,0x0000ADC2,?,0x0000ADC2,?
.text,FUNC,l2capStopTimer,26,0x00008016,?,0x00008016,?
.text,FUNC,GATT_UpdateMTU,64,0x00005BC6,?,0x00005BC6,?
.text,FUNC,LL_AdvertiseEventRegister,6,0x0000B6FA,?,0x0000B6FA,?
.text,FUNC,l2capProcessRxData,218,0x000083B6,?,0x000083B6,?
.text,FUNC,LL_Rand,52,0x0000F8DC,?,0x0000F8DC,?
.text,FUNC,smpResponderProcessIncoming,1026,0x0000A05E,?,0x0000A05E,?
.text,FUNC,L2CAP_ParseParamUpdateReq,54,0x00008214,?,0x00008214,?
.text,FUNC,SM_VerifyAuthenSig,306,0x000097C8,?,0x000097C8,?
.bss,OBJECT,gapRole_TaskID,1,0x200013D4,?,-,-
.text,FUNC,GATTServApp_ProcessEvent,740,0x00007C4E,?,0x00007C4E,?
.text,FUNC,smpParsePairingReq,238,0x000091B0,?,0x000091B0,?
.text,FUNC,smFreePairingParams,106,0x00008E66,?,0x00008E66,?
.text,FUNC,API_ReadRssiCmd,46,0x0000F49A,?,0x0000F49A,?
.text,FUNC,smResponderSendNextKeyInfo,530,0x00009D1C,?,0x00009D1C,?
.text,FUNC,ll_connect_set_procedure_timeout,56,0x0000B788,?,0x0000B788,?
.text,FUNC,ATT_PrepareWriteRsp,48,0x00003F06,?,0x00003F06,?
.bss,OBJECT,gapRole_OldIRK,16,0x20002504,?,-,-
.text,FUNC,GPIOA_ModeCfg,130,0x00001A3C,?,0x00001A3C,?
.text,FUNC,tmos_msg_enqueue,30,0x0000279A,?,0x0000279A,?
.bss,OBJECT,l2capMtuSize,2,0x20001314,?,-,-
.bss,OBJECT,ble,52,0x20002294,?,-,-
.text,FUNC,GATT_VerifyPrepareWritePermissions,108,0x00006DE2,?,0x00006DE2,?
.bss,OBJECT,gapRole_AdvFilterPolicy,1,0x200013C0,?,-,-
.text,FUNC,__swhatbuf_r,84,0x000142C4,?,0x000142C4,?
.text,FUNC,LL_AdvertiseToStandby,72,0x0000B674,?,0x0000B674,?
.text,FUNC,GetSysClock,92,0x00001ABE,?,0x00001ABE,?
.text,FUNC,linkDB_Init,114,0x00008936,?,0x00008936,?
.text,FUNC,gattServerHandleConnStatusCB,142,0x000063B4,?,0x000063B4,?
.text,OBJECT,funcRxPDUArr,100,0x000149F0,?,0x000149F0,?
.highcode,FUNC,FLASH_ROM_BEG_FF,52,0x20000C22,?,0x00000C26,?
.highcode,FUNC,FLASH_CMD_GET_ROM_INFO,90,0x20000E7E,?,0x00000E82,?
.text,FUNC,GAP_GetAdvertisingRspData,46,0x000057D0,?,0x000057D0,?
.text,FUNC,LL_ConnectShut,186,0x0000C1C2,?,0x0000C1C2,?
.data,OBJECT,gattServiceUUID,2,0x20001220,?,0x0001663C,?
.text,FUNC,ATT_FindInfoRsp,78,0x00003C18,?,0x00003C18,?
.data,OBJECT,__sglue,12,0x2000116C,?,0x00016588,?
.text,FUNC,_write,52,0x00001B22,?,0x00001B22,?
.bss,OBJECT,l2capFixedChannels,48,0x20002380,?,-,-
.bss,OBJECT,gapRole_bdAddr,6,0x200013B0,?,-,-
.text,FUNC,GAPRole_PeripheralStartDevice,82,0x00011D7A,?,0x00011D7A,?
.text,FUNC,l2capHandleConnStatusCB,2,0x00007F32,?,0x00007F32,?
.text,FUNC,tmos_msg_deallocate,82,0x000027B8,?,0x000027B8,?
.highcode,FUNC,tmos_rand,70,0x2000048E,?,0x00000492,?
.text,FUNC,API_LE_SetExtendedAdvertisingEnableCmd,32,0x0000F6B8,?,0x0000F6B8,?
.bss,OBJECT,pfnServerProcessMsgCB,4,0x200012E8,?,-,-
.text,FUNC,GAP_MakeDiscoverable,140,0x000054A0,?,0x000054A0,?
.text,OBJECT,serverReqTbl,96,0x00014910,?,0x00014910,?
.bss,OBJECT,cbTimersHead,4,0x200012A8,?,-,-
.data,OBJECT,periConnParamUUID,2,0x20001200,?,0x0001661C,?
.text,FUNC,tmos_clear_event,64,0x00002A7E,?,0x00002A7E,?
.text,FUNC,ll_connect_supervision_timeout,48,0x0000BECE,?,0x0000BECE,?
.data,OBJECT,gapBond_Valid,1,0x200011A5,?,0x000165C1,?
.text,FUNC,L2CAP_SetBufSize,24,0x00008062,?,0x00008062,?
.text,FUNC,ll_connect_update_effective_Len,50,0x0000B858,?,0x0000B858,?
.text,FUNC,gapProcessRandomAddrComplete,106,0x0000442E,?,0x0000442E,?
.text,FUNC,smpBuildPairingRandom,48,0x00009A86,?,0x00009A86,?
.text,FUNC,__swrite,70,0x000143BA,?,0x000143BA,?
.text,FUNC,GAP_NumActiveConnections,4,0x00004E0C,?,0x00004E0C,?
.text,FUNC,_vfiprintf_r,572,0x00013A60,?,0x00013A60,?
.text,FUNC,GATT_Indication,164,0x00006982,?,0x00006982,?
.text,FUNC,tmos_stop_callback_task,122,0x00002E14,?,0x00002E14,?
.text,FUNC,tmos_bm_adjust_header,48,0x0000276A,?,0x0000276A,?
.text,FUNC,LL_StartEncRsp,26,0x0000CDAC,?,0x0000CDAC,?
.text,FUNC,GAPBondMgr_Erase,268,0x00010838,?,0x00010838,?
.text,FUNC,Lib_Read_Flash,24,0x0000129C,?,0x0000129C,?
.text,FUNC,l2capHandleRxError,2,0x00007FFA,?,0x00007FFA,?
.text,FUNC,GET_WakeUpLSIMaxTime,186,0x00001622,?,0x00001622,?
.highcode,FUNC,tmos_memcpy,44,0x200004D4,?,0x000004D8,?
.text,FUNC,GATTServApp_WriteAttr,164,0x00006632,?,0x00006632,?
.text,FUNC,gattServApp_FindServiceCBs,24,0x00006212,?,0x00006212,?
.text,FUNC,l2capNotifySignal,138,0x000084EE,?,0x000084EE,?
.data,OBJECT,_impure_data,76,0x20001120,?,0x0001653C,?
.bss,OBJECT,gBleIPPara,24,0x20002430,?,-,-
.text,FUNC,gattFindServerInfo,32,0x00006394,?,0x00006394,?
.text,FUNC,smGenerateConfirm,50,0x00009C1C,?,0x00009C1C,?
.text,FUNC,GAP_EndDiscoverable,92,0x0000552C,?,0x0000552C,?
.text,FUNC,SYS_GetSysTickCnt,8,0x00001B1A,?,0x00001B1A,?
.text,FUNC,LL_AddrInit,156,0x0000B14C,?,0x0000B14C,?
.text,FUNC,ATT_ExecuteWriteRsp,12,0x00003F46,?,0x00003F46,?
.text,FUNC,_read,12,0x000145B6,?,0x000145B6,?
.text,FUNC,GAPBondMgr_ProcessGAPMsg,916,0x00011014,?,0x00011014,?
.text,FUNC,LL_CoreGetRxDataList,24,0x0000C292,?,0x0000C292,?
.text,FUNC,LL_FeatureRsp,82,0x0000CDE2,?,0x0000CDE2,?
.text,FUNC,ATT_UpdateMTU,60,0x000039CA,?,0x000039CA,?
.text,FUNC,smGenerateRandBuf,88,0x0000408E,?,0x0000408E,?
.text,FUNC,LL_HopGetChannels,76,0x0000C422,?,0x0000C422,?
.text,FUNC,sm_c1new,290,0x0000A64E,?,0x0000A64E,?
.text,FUNC,ATT_ParseFindInfoReq,30,0x00003BFA,?,0x00003BFA,?
.text,FUNC,SM_ResolveRandomAddrs,132,0x000096A4,?,0x000096A4,?
.text,FUNC,LL_CoreGetTxDataList,52,0x0000C2AA,?,0x0000C2AA,?
.text,FUNC,tmos_snv_read,572,0x00003398,?,0x00003398,?
.text,FUNC,gattGetPayload,78,0x00005A2A,?,0x00005A2A,?
.text,FUNC,ATT_ReadRsp,48,0x00003DA8,?,0x00003DA8,?
.text,FUNC,LL_CoreGetCore,22,0x0000C27C,?,0x0000C27C,?
.text,FUNC,RFEND_TXCtune,3152,0x0000E804,?,0x0000E804,?
.text,FUNC,l2capParseCmdReject,66,0x000081D2,?,0x000081D2,?
.text,FUNC,smProcessTMOSMsg,302,0x000093F2,?,0x000093F2,?
.text,FUNC,GATT_bm_alloc,240,0x00005C06,?,0x00005C06,?
.text,FUNC,__smakebuf_r,120,0x00014318,?,0x00014318,?
.text,FUNC,ATT_ParseWriteReq,46,0x00003E9C,?,0x00003E9C,?
.text,FUNC,GAPBondMgr_UpdateCharCfg,124,0x00010E12,?,0x00010E12,?
.text,FUNC,MPU6050_Init,122,0x00001E80,?,0x00001E80,?
.text,FUNC,strlen,16,0x000137D8,?,0x000137D8,?
.highcode,FUNC,LLE_IRQFIOFHandler,6,0x20000B86,?,0x00000B8A,?
.text,FUNC,_printf_i,588,0x00013DA4,?,0x00013DA4,?
.text,FUNC,linkDB_GetHandleFromSMEvtID,44,0x00008D8A,?,0x00008D8A,?
.text,FUNC,RTC_InitTime,520,0x00001818,?,0x00001818,?
.bss,OBJECT,__malloc_sbrk_start,4,0x200013D8,?,-,-
.text,FUNC,LL_ConnectRxPktnumIncrease,42,0x0000BA3E,?,0x0000BA3E,?
.text,FUNC,smpBuildMasterID,60,0x00009AE6,?,0x00009AE6,?
.text,FUNC,GATT_VerifyWritePermissions,118,0x00006D38,?,0x00006D38,?
.text,FUNC,ATT_BuildHandleValueInd,20,0x00003BB2,?,0x00003BB2,?
.text,FUNC,GATT_FindHandle,70,0x000065EC,?,0x000065EC,?
.text,FUNC,LL_ConnectFreeTmosPrioritID,194,0x0000BB64,?,0x0000BB64,?
.text,FUNC,UART_BaudRateCfg,44,0x00001B82,?,0x00001B82,?
.text,FUNC,GAP_SetAdvertisingRspData,188,0x000056F2,?,0x000056F2,?
.text,FUNC,GAP_SendSlaveSecurityRequest,70,0x00004D50,?,0x00004D50,?
.text,FUNC,generate_subkey,216,0x0000A4D6,?,0x0000A4D6,?
.highcode,FUNC,FLASH_ROM_END,14,0x20000C6A,?,0x00000C6E,?
.text,FUNC,tmos_msg_receive,152,0x0000286C,?,0x0000286C,?
.text,FUNC,gapSendPhyUpdateEvent,72,0x000047E0,?,0x000047E0,?
.text,FUNC,linkDB_Authen,96,0x000089D2,?,0x000089D2,?
.text,FUNC,LL_CoreOpen,90,0x0000C356,?,0x0000C356,?
.text,FUNC,LL_ClearWhiteList,38,0x0000F8B6,?,0x0000F8B6,?
.text,FUNC,TMOS_TimerRegister,26,0x00002E8E,?,0x00002E8E,?
.text,FUNC,sendAuthEvent,290,0x00004498,?,0x00004498,?
.bss,OBJECT,__malloc_free_list,4,0x200013DC,?,-,-
.text,FUNC,tmos_start_callback_task,182,0x00002CCC,?,0x00002CCC,?
.text,FUNC,LL_AdvGetCore,24,0x0000B596,?,0x0000B596,?
.text,FUNC,smpBuildPairingConfirm,48,0x00009A56,?,0x00009A56,?
.text,FUNC,_vfprintf_r,572,0x00013A60,?,0x00013A60,?
.text,FUNC,AES_DevPktEnc,98,0x0000E3F2,?,0x0000E3F2,?
.bss,OBJECT,pfnHandle,4,0x20001350,?,-,-
.text,FUNC,LL_ConnectFlowcontrolRx,32,0x0000B9F4,?,0x0000B9F4,?
.text,FUNC,GATT_ServiceNumAttrs,22,0x0000634E,?,0x0000634E,?
.text,FUNC,TMOS_TimerInit,204,0x0000322A,?,0x0000322A,?
.text,FUNC,LL_ConnectTxPktnumIncrease,42,0x0000BA14,?,0x0000BA14,?
.text,FUNC,sm_CMAC,386,0x0000A7F2,?,0x0000A7F2,?
.text,FUNC,ATT_ExchangeMTURsp,30,0x00003BDC,?,0x00003BDC,?
.text,FUNC,GAP_GetParamValue,28,0x000049E8,?,0x000049E8,?
.text,FUNC,SM_Init,34,0x0000999C,?,0x0000999C,?
.text,FUNC,smLinkCheck,54,0x00008F34,?,0x00008F34,?
.text,FUNC,ATT_BuildReadBlobRsp,4,0x00003B78,?,0x00003B78,?
.text,FUNC,LL_CoreDataListInit,120,0x0000C2DE,?,0x0000C2DE,?
.text,FUNC,LL_Init,192,0x0000B08C,?,0x0000B08C,?
.text,FUNC,HOST_LE_ConnectionUpdateCompleteEvent,66,0x0000A9D0,?,0x0000A9D0,?
.text,FUNC,HOST_LE_DataLengthChangeEvent,66,0x0000AB58,?,0x0000AB58,?
.bss,OBJECT,g_LLE_IRQLibHandlerLocation,4,0x20001254,?,-,-
.data,OBJECT,centAddrResUUID,2,0x200011FC,?,0x00016618,?
.bss,OBJECT,pfnTimerCBs,4,0x20001298,?,-,-
.text,FUNC,tmos_msg_init,6,0x00002994,?,0x00002994,?
.highcode,FUNC,FLASH_CMD_ROM_VERIFY,80,0x20000E1C,?,0x00000E20,?
.bss,OBJECT,l2capNumDataPkts,1,0x20001318,?,-,-
.text,FUNC,gattStartTimer,12,0x00005B26,?,0x00005B26,?
.text,FUNC,GAP_SetAdvertisingAdvData,188,0x00005636,?,0x00005636,?
.text,FUNC,GATTServApp_ParamInit,180,0x00005F84,?,0x00005F84,?
.text,FUNC,gapSendEstLinkEvent,192,0x00004828,?,0x00004828,?
.text,FUNC,GATTServApp_UpdateCharCfg,28,0x000067E2,?,0x000067E2,?
.text,FUNC,_close,12,0x00014586,?,0x00014586,?
.text,FUNC,gattServApp_ProcessReadMultiReq,338,0x000071DC,?,0x000071DC,?
.text,FUNC,linkDB_FindByAddr,126,0x00008A32,?,0x00008A32,?
.text,FUNC,ble_ll_common_rand32,38,0x000031D2,?,0x000031D2,?
.text,FUNC,LL_SetDefaultPHY,36,0x0000FA26,?,0x0000FA26,?
